"violet"	"purple"	"coral2"	"steelblue"	"lightpink4"	"brown2"	"skyblue3"	"saddlebrown"	"honeydew1"	"blue2"	"skyblue1"	"darkslateblue"	"plum1"	"darkolivegreen4"	"coral1"	"bisque4"	"lightcyan"	"darkorange2"	"darkseagreen4"	"firebrick4"	"mediumpurple3"	"darkgrey"	"magenta"	"plum2"	"darkolivegreen"	"blue"	"yellow4"	"antiquewhite4"	"brown4"	"yellowgreen"	"pink"	"navajowhite2"	"plum"	"ivory"	"darkmagenta"	"maroon"	"royalblue"	"lavenderblush3"	"mediumorchid"	"lightsteelblue"	"orangered3"	"mediumpurple2"	"darkturquoise"	"lightcoral"	"indianred4"	"thistle2"
"Astrocyte"	1	1	1	1	1	1	1	7.87814744480994e-08	1	1	1	1	1	1	1	1	1	1	1	1	1	1	1	1	1	1	1	1	1	1	1	1	1	1	6.67259227149568e-23	1	1	1	1	1	1	1	0.00366508227862713	1	1	1
"Bcells"	1	1	1	1	1	1	1	1	1	1	1	1	1	1	1	1	1	1	1	1	1	1	1	1	1	1	1	1	1	1	1	1	1	1	1	1	1	1	1	1	1	1	1	1	1	1
"CA1_Pyramidal"	1	1	1	1	1	1	1	1	1	1	1	1	0.0142133737647091	1	1	1	1	1	1	1	1	0.000213606528283068	1	1	1	1	1	1	1.18455810525127e-08	1	1	1	1	1	1	1	1	1	1	1	1	1	1	1	1	1
"CA1.Pyramidal"	1	1	1	1	1	1	1	1	1	1	1	1	0.0142133737647091	1	1	1	1	1	1	1	1	0.000213606528283068	1	1	1	1	1	1	1.18455810525127e-08	1	1	1	1	1	1	1	1	1	1	1	1	1	1	1	1	1
"CD8Tcells"	1	1	1	1	1	1	1	1	1	1	1	1	1	1	1	1	1	1	1	1	1	1	1	1	1	1	1	1	1	1	1	1	1	1	1	1	1	1	1	1	1	1	1	1	1	1
"Cerebellum_Basket_Neuroexpresso"	1	1	1	1	1	1	1	1	1	1	1	1	1	1	1	1	1	1	1	1	1	1	1	1	1	1	1	1	1	1	1	1	1	1	1	1	1	1	1	1	1	1	1	1	1	1
"Cerebellum_Bergmann_Neuroexpresso"	1	1	1	1	1	1	1	0.0184379357593903	1	1	1	1	1	1	1	1	1	1	1	1	1	1	1	1	1	1	1	1	1	1	1	1	1	1	1.76671309851964e-06	1	1	1	1	1	1	1	1	1	1	1
"Cerebellum_Golgi_Neuroexpresso"	1	1	1	1	1	1	1	1	1	1	1	1	1	1	1	1	1	1	1	1	1	1	1	1	1	1	1	1	1	1	1	1	1	1	1	1	1	1	1	1	1	1	1	1	1	1
"Cerebellum_Granule_Neuroexpresso"	1	1	1	1	1	1	1	1	1	1	1	1	1	1	1	1	1	1	1	1	1	1	1	1	1	1	1	1	1	1	1	1	1	1	1	1	1	1	1	1	1	1	1	1	1	1
"Cerebellum_Microglia_Neuroexpresso"	1	9.69610929409318e-46	1	1	1	1	1	1	1	1	1	1	1	1	1	1	1	1	1	1.27884667845861e-08	1	1	1	1	1	1	1	1	1	1	1	1	1	1	1	1	1	1	1	1	1	1	1	1	1	1
"Cerebellum_MicrogliaActivation_Neuroexpresso"	1	8.89751900689135e-15	1	1	1	1	1	1	1	1	1	1	1	1	1	1	1	0.000504974050516787	1	5.43662555760147e-05	1	1	1	1	1	1	1	1	1	1	1	1	1	1	1	1	1	1	1	1	1	1	1	1	1	1
"Cerebellum_MicrogliaDeactivation_Neuroexpresso"	1	9.75288273425158e-47	1	1	1	1	1	1	1	1	1	1	1	1	1	1	1	1	1	6.2934557366745e-07	1	1	1	1	1	1	1	1	1	1	1	1	1	1	1	1	1	1	1	1	1	1	1	1	1	1
"Cerebellum_Oligo_Neuroexpresso"	1	1	1	1	1.75244941047244e-22	1	1	1	1	1	1	1	1	1	1	1	1	1	1	1	1	1	1	1	1	1	1	1	1	1	1	1	1	1	1	1	1	1	1	1	1	1	1	1	1	1
"Cerebellum_Purkinje_Neuroexpresso"	1	1	1	1	1	1	1	1	1	1	1	1	1	1	1	1	1	1	1	1	1	1	1	1	1	1	1	1	1	1	1	1	1	1	1	1	1	1	1	1	1	1	1	1	1	1
"Cortex_Astrocyte_Neuroexpresso"	1	1	1	1	1	1	1	1	1	1	1	1	1	1	1	1	1	1	1	1	1	1	1	1	1	1	1	1	1	1	1	1	1	1	1	1	1	1	1	1	1	1	1	1	1	1
"Cortex_Endothelial_Neuroexpresso"	1	1	1	1	1	1	7.85102856819115e-37	1	1	1	1	1	1	1	1	1	1	9.75406102176618e-05	1	1	1	1	1	1	1	1	1	1	1	1	1	1	1	1	1	5.84480249629697e-05	1	1	1	1	1	1	1	0.00200143170341525	1	1
"Cortex_GabaPV_Neuroexpresso"	1	1	1	1	1	1	1	1	1	1	1	1	1	1	1	1	1	1	1	1	1	1	1	1	1	1	1	1	1	1	1	1	1	1	1	1	1	1	1	1	0.0219310010997477	1	1	1	1	1
"Cortex_GabaRelnCalb_Neuroexpresso"	1	1	1	1	1	1	1	1	1	1	1	1	1	1	1	1	1	1	1	1	1	1	1	1	1	1	1	1	1	1	1	1	1	1	1	1	1	1	1	1	1	1	1	1	1	1
"Cortex_GabaVIPReln_Neuroexpresso"	1	1	1	1	1	1	1	1	1	1	1	1	1	1	1	1	1	1	1	1	1	1	1	1	1	1	1	1	1	1	1	1	1	1	1	1	1	1	1	1	1.88036530180449e-05	1	1	1	1	1
"Cortex_Microglia_Neuroexpresso"	1	4.04704327765125e-54	1	1	1	1	1	1	1	1	1	1	1	1	1	1	1	1	1	2.38288737364247e-10	1	1	1	1	1	1	1	1	1	1	1	1	1	1	1	1	1	1	1	1	1	1	1	1	1	1
"Cortex_MicrogliaActivation_Neuroexpresso"	1	9.99090422388638e-20	1	1	1	1	1	1	1	1	1	1	1	1	1	1	1	1	1	5.05148122233887e-10	1	1	1	1	1	1	1	1	1	1	1	1	1	1	1	1	1	1	1	1	1	1	1	1	1	1
"Cortex_MicrogliaDeactivation_Neuroexpresso"	1	2.82007183636451e-68	1	1	1	1	1	1	1	1	1	1	1	1	1	1	1	1	1	1	1	1	1	1	1	1	1	1	1	1	1	1	1	1	1	1	1	1	1	1	1	1	1	1	1	1
"Cortex_Oligo_Neuroexpresso"	1	1	1	1	8.17116687215975e-45	1	1	1	1	1	1	1	1	1	1	1	1	1	1	1	1	1	1	1	1	1	1	1	1	1	1	1	1	1	1	1	1	1	1	1	1	1	1	1	1	1
"Cortex_OligoPrecursors_Neuroexpresso"	1	1	1	1	1	1	1	1	1	1	1	1	1	1	1	1	1	1	1	1	1	1	1	1	1	1	1	1	1	1	1	1	1	1	1	1	1	1	1	1	1	1	1	1	1	1
"Cortex_Pyramidal_Neuroexpresso"	1	1	1	1	1	1	1	1	1	1	1	1	1	1	1	1	1	1	1	1	1	3.90006399950246e-05	1	1	1	1	1	1	1	1	1	1	1	1	1	1	1	1	1	1	1	1	1	1	1	1
"Cytotoxiccells"	1	1	1	1	1	1	1	1	1	1	1	1	1	1	0.00174834942072647	1	1	1	1	1	1	1	1	1	1	1	1	1	1	1	1	1	1	1	1	1	1	1	1	1	1	1	1	1	1	1
"D_NEuronCom1"	1	1	1	1	1	1	1	1	1	1	1	1	1	1	1	1	1	1	1	1	1	1	1	1	1	1	1	1	1	1	1	1	1	1	1	1	1	1	1	1	1	1	1	1	1	1
"D_NEuronCom2"	1	1	1	1	1	1	1	1	1	1	1	1	1	1	1	1	1	1	1	1	1	1	1	1	1	1	1	1	1	1	1	1	1	1	1	1	1	1	1	1	1	1	1	1	1	1
"D_NEuronCom3"	1	1	1	1	1	1	1	1	1	1	1	1	1	1	1	1	1	1	1	1	1	1	1	1	1	1	1	1	1	1	1	1	1	1	1	1	1	1	1	1	1	1	1	1	1	1
"D_NEuronCom4"	1	1	1	1	1	1	1	1	1	1	1	1	1	1	1	1	1	1	1.84476523276937e-05	1	1	1	1	1	1	1	1	1	1	1	1	1	1	1	1	1	1	1	1	1	1	1	1	1	1	1
"D_NEuronCom5"	1	1	1	1	1	1	1	1	1	1	1	1	1	1	1	1	1	1	1	1	1	1	1	1	1	1	1	1	1	1	1	1	1	1	1	1	1	1	1	1	1	1	1	1	1	1
"D_NEuronCom6"	1	1	1	1	1	1	1	1	1	1	1	1	1	1	1	1	1	1	1	1	1	1	1	1	1	1	1	1	1	1	1	1	1	1	1	1	1	1	1	1	1	1	1	1	1	1
"D_NEuronCom7"	1	1	1	1	1	1	1	1	1	1	1	1	1	1	1	1	1	1	1	1	1	1	1	1	1	1	1	1	1	1	1	1	1	1	1	1	1	1	1	1	1	1	1	1	1	1
"DAMANIS_MICROGLIA"	1	1.5705097687127e-15	1	1	1	1	1	1	1	1	1	1	1	1	1	1	1	1	1	1	1	1	1	1	1	1	1	1	1	1	1	1	1	1	1	1	1	1	1	1	1	1	1	1	1	1
"DARMANIS_ASTROCYES"	1	1	1	1	1	1	1	1	1	1	1	1	1	1	1	1	1	1	1	1	1	1	1	1	1	1	1	1	1	1	1	1	1	1	2.38313284295401e-18	1	1	1	1	1	1	1	1	1	1	1
"DARMANIS_ENDOTHELIAL"	1	1	1	1	1	1	1.02091938613374e-08	1	1	1	1	1	1	1	1	1	1	1	1	1	1	1	1	1	1	1	1	1	1	1	1	1	1	1	1	1	1	1	1	1	1	1	1	1	1	1
"DARMANIS_FETAL1"	1	1	1	1	1	1	1	1	1	1	1	1	1	1	1	1	1	1	1	1	1	1	1	1	1	1	1	1	1	1	1	1	1	1	1	1	1	1	1	1	1	1	1	1	1	1
"DARMANIS_FETAL2"	1	1	1	1	1	1	1	1	1	1	1	1	1	1	1	1	1	1	1	1	1	1	1	1	1	1	1	1	1	1	1	1	1	1	1	1	1	1	1	1	1	1	1	1	1	1
"DARMANIS_MIXTURENEUASTRO"	1	1	1	1	1	1	1	1	1	1	1	1	1	1	1	1	1	1	1	1	1	1	1	1	1	1	1	1	1	1	1	1	1	1	1	1	1	1	1	1	0.00123729498224648	1	1	1	1	1
"DARMANIS_MIXTURENEUOLIGOPC"	1	1	1	1	1	1	1	1	1	1	1	1	1	1	1	1	1	1	1	1	1	1	1	1	1	1	1	1	1	1	1	1	1	1	1	1	1	1	1	1	1	1	1	1	1	1
"DARMANIS_NEUROND"	1	1	1	1	1	1	1	1	1	1	1	1	1	1	1	1	1	1	0.00013619034697059	1	1	1	1	1	1	1	1	1	1	1	1	1	1	1	1	1	1	1	1	1	1	1	1	1	1	1
"DARMANIS_OLIGO"	1	1	1	1	2.25774467790501e-19	1	1	1	1	1	1	1	1	1	1	1	1	1	1	1	1	1	1	1	1	1	1	1	1	1	1	1	1	1	1	1	1	1	1	1	1	1	1	1	1	1
"DARMANIS_OPCS"	1	1	1	1	1	1	1	1	1	1	1	1	1	1	1	1	1	1	1	1	1	1	1	1	1	1	1	1	1	1	1	1	1	1	1	1	1	1	1	1	1	1	1	1	1	1
"Dopaminergic_Neuron_SN"	1	1	1	1	1	1	1	1	1	1	1	1	1	1	1	1	1	1	0.00143932127688203	1	1	1	1	1	1	1	1	1	0.000894711156491316	1	1	1	1	1	1	1	1	1	1	1	1	1	1	1	1	1
"Dopaminergic_Neuron_VTA"	1	1	1	1	1	1	1	1	1	1	1	1	1	1	1	1	1	1	1	1	1	1	1	1	1	1	1	1	1	1	1	1	1	1	1	1	1	1	1	1	1	1	1	1	1	1
"Dopaminergic_Neuron"	1	1	1	1	1	1	1	1	1	1	1	1	1	1	1	1	1	1	1	1	1	1	1	1	2.54065362325119e-08	1	1	1	0.00260178117601911	1	1	1	1	1	1	1	1	1	1	1	1	1	1	1	1	1
"Dopaminergic"	1	1	1	1	1	1	1	1	1	1	1	1	1	1	1	1	1	1	0.00143932127688203	1	1	1	1	1	2.54065362325119e-08	1	1	1	0.00260178117601911	1	1	1	1	1	1	1	1	1	1	1	1	1	1	1	1	1
"DopaminergicNeuron"	1	1	1	1	1	1	1	1	1	1	1	1	1	1	1	1	1	1	1	1	1	1	1	1	1	1	1	1	1	1	1	1	1	1	1	1	1	1	1	1	1	1	1	1	1	1
"Endothelial"	1	1	1	1	1	1	8.84379610587178e-24	1	1	1	1	1	1	1	1	1	1	0.0025688662789324	1	1	1	1	1	1	1	1	1	1	1	1	1	1	1	1	1	0.000220060689818869	1	1	1	1	1	1	1	5.61642971819677e-06	1	1
"Eosinophils"	1	1	1	1	1	1	1	1	1	1	1	1	1	1	1	1	1	1	1	1	1	1	1	1	1	1	1	1	1	1	1	1	1	1	1	1	1	1	1	1	1	1	1	1	1	1
"Ependymal"	1	1	1	1	1	1	1	1	1	1	1	1	1	1	1	1	1	1	1	1	1	1	1	1	1	1	1	1	1	1.60466416401017e-05	2.05991030228405e-89	1	1	1	1	1	1	1	1	1	1	1	1	1	1	1
"Ex1"	1	1	1	1	1	1	1	1	1	1	1	1	1	1	1	1	1	1	1	1	1	1	1	1	1	1	1	1	1	1	1	1	1	1	1	1	1	1	1	1	1	1	1	1	1	1
"Ex2"	1	1	1	1	1	1	1	1	1	1	1	1	1	1	1	1	1	1	1	1	1	1	1	1	1	1	1	1	1	1	1	1	1	1	1	1	1	1	1	1	1	1	1	1	1	1
"Ex3"	1	1	1	1	1	1	1	1	1	1	1	1	1	1	1	1	1	1	1	1	1	1	1	1	1	1	1	1	1	1	1	1	1	1	1	1	1	1	1	1	1	1	1	1	1	1
"Ex4"	1	1	1	1	1	1	1	1	1	1	1	1	1	1	1	1	1	1	1	1	1	1	1	1	1	1	1	1	1	1	1	1	1	1	1	1	1	1	1	1	1	1	1	1	1	1
"Ex5"	1	1	1	1	1	1	1	1	1	1	1	1	1	1	1	1	1	1	1	1	1	1	1	1	1	1	1	1	1	1	1	1	1	1	1	1	1	1	1	1	1	1	1	1	1	1
"Ex6"	1	1	1	1	1	1	1	1	1	1	1	1	1	1	1	1	1	1	1	1	1	1	1	1	1	1	1	1	1	1	1	1	1	1	0.0052317672260705	1	1	1	1	1	1	1	1	1	1	1
"Ex7"	1	1	1	1	1	1	1	1	1	1	1	1	1	1	1	1	1	1	1	1	1	1	1	1	1	1	1	1	1	1	1	1	1	1	1	1	1	1	1	1	1	1	1	1	1	1
"Ex8"	1	1	1	1	1	1	1	1	1	1	1	1	1	1	1	1	1	1	1	1	1	1	1	1	1	1	1	1	1	1	1	1	1	1	1	1	1	1	1	1	1	1	1	1	1	1
"GABASST_HIPPD_Neuroexpresso"	1	1	1	1	1	1	1	1	1	1	1	1	1	1	1	1	1	1	1	1	1	1	1	1	1	1	1	1	1	1	1	1	1	1	1	1	1	1	1	1	6.19662982054394e-14	1	1	1	1	1
"Hippocampus_Astrocyte_Neuroexpresso"	1	1	1	1	1	1	1	1	1	1	1	1	1	1	1	1	1	1	1	1	1	1	1	1	1	1	1	1	1	1	1	1	1	1	1	1	1	1	1	1	1	1	1	1	1	1
"Hippocampus_DentateGranule_Neuroexpresso"	1	1	1	1	1	1	1	1	1	1	1	1	1	1	1	1	1	1	1	1	1	1	1	1	1	1	1	1	1	1	1	1	1	1	1	1	1	1	1	1	1	1	1	1	1	1
"Hippocampus_GabaSSTRein_Neuroexpresso"	1	1	1	1	1	1	1	1	1	1	1	1	1	1	1	1	1	1	1	1	1	1	1	1	1	1	1	1	1	1	1	1	1	1	1	1	1	1	1	1	6.19662982054394e-14	1	1	1	1	1
"Hippocampus_MicrogliaActivation_Neuroexpresso"	1	3.58459812891968e-14	1	1	1	1	1	1	1	1	1	1	1	1	1	1	1	0.0111612377817981	1	7.54696192024788e-06	1	1	1	1	1	1	1	1	1	1	1	1	1	1	1	1	1	1	1	1	1	1	1	1	1	1
"Hippocampus_MicrogliaDeactivation_Neuroexpresso"	1	3.47152264604566e-49	1	1	1	1	1	1	1	1	1	1	1	1	1	1	1	1	1	0.00832761148861631	1	1	1	1	1	1	1	1	1	1	1	1	1	1	1	1	1	1	1	1	1	1	1	1	1	1
"Hippocampus_Oligo_Neuroexpresso"	1	1	1	1	8.47830076527937e-23	1	1	1	1	1	1	1	1	1	1	1	1	1	1	1	1	1	1	1	1	1	1	1	1	1	1	1	1	1	1	1	1	1	1	1	1	1	1	1	1	1
"Hippocampus_Pyramidal_Neuroexpresso"	1	1	1	1	1	1	1	1	1	1	1	1	1	1	1	1	1	1	1	1	1	1	1	1	1	1	1	1	1	1	1	1	1	1	1	1	1	1	1	1	1	1	1	1	1	1
"Hyppocampus_Microglia_Neuroexpresso"	1	5.55587763736273e-43	1	1	1	1	1	1	1	1	1	1	1	1	1	1	1	1	1	1.39913119784916e-11	1	1	1	1	1	1	1	1	1	1	1	1	1	1	1	1	1	1	1	1	1	1	1	1	1	1
"iDC"	1	1	1	1	1	1	1	1	1	1	1	1	1	1	1	1	1	1	1	1	1	1	1	1	1	1	1	1	1	1	1	1	1	1	1	1	1	1	1	1	1	1	1	1	1	1
"In1"	1	1	1	1	1	1	1	1	1	1	1	1	1	1	1	1	1	1	1	1	1	1	1	1	1	1	1	1	1	1	1	1	1	1	1	1	1	1	1	1	1	1	1	1	1	1
"In2"	1	1	1	1	1	1	1	1	1	1	1	1	1	1	1	1	1	1	1	1	1	1	1	1	1	1	1	1	1	1	1	1	1	1	1	1	1	1	1	1	1	1	1	1	1	1
"In3"	1	1	1	1	1	1	1	1	1	1	1	1	1	1	1	1	1	1	1	1	1	1	1	1	1	1	1	1	1	1	1	1	1	1	1	1	1	1	1	1	1	1	1	1	1	1
"In4"	1	1	1	1	1	1	1	1	1	1	1	1	1	1	1	1	1	1	1	1	1	1	1	1	1	1	1	1	1	1	1	1	1	1	1	1	1	1	1	1	0.00296217203989223	1	1	1	1	1
"In5"	1	1	1	1	1	1	1	1	1	1	1	1	1	1	1	1	1	1	1	1	1	1	1	1	1	1	1	1	1	1	1	1	1	1	1	1	1	1	1	1	1	1	1	1	1	1
"In6"	1	1	1	1	1	1	1	1	1	1	1	1	1	1	1	1	1	1	1	1	1	1	1	1	1	1	1	1	1	1	1	1	1	1	1	1	1	1	1	1	1	1	1	1	1	1
"In7"	1	1	1	1	1	1	1	1	1	1	1	1	1	1	1	1	1	1	1	1	1	1	1	1	1	1	1	1	1	1	1	1	1	1	1	1	1	1	1	1	1	1	1	1	1	1
"In8"	1	1	1	1	1	1	1	1	1	1	1	1	1	1	1	1	1	1	1	1	1	1	1	1	1	1	1	1	1	1	1	1	1	1	1	1	1	1	1	1	1	1	1	1	1	1
"Interneuron"	1	1	1	1	1	1	1	1	1	1	1	1	1	1	1	1	1	1	0.00145797343471217	1	1	1	1	1	1	1	1	1	6.09918025382548e-05	1	1	1	1	1	1	1	1	1	1	1	2.40956987062267e-35	1	1	1	1	1
"Macrophages"	1	0.00641701674949245	1	1	1	1	1	1	1	1	1	1	1	1	1	1	1	1	1	1	1	1	1	1	1	1	1	1	1	1	1	1	1	1	1	1	1	1	1	1	1	1	1	1	1	1
"Mastcells"	1	1	1	1	1	1	1	1	1	1	1	1	1	1	1	1	1	1	1	1	1	1	1	1	1	1	1	1	1	1	1	1	1	1	1	1	1	1	1	1	1	1	1	1	1	1
"Microglia"	1	3.12835889856118e-103	1	1	1	1	1	1	1	1	1	1	1	1	1.97106182490552e-05	1	1	1	1	2.69782214832263e-07	1	1	1	1	1	1	1	1	1	1	1	1	1	1	1	1	1	1	1	1	1	1	1	1	1	1
"Mural"	1	1	1	1	1	1	1	1	1	1	1	1	1	1	1	1	1	1	1	1	1	1	1	1	1	1	1	1	1	1	1	1	1	1	1	2.19764457961554e-08	1	1	1	1	1	1	1	1	1	1
"NaturalKillers"	1	1	1	1	1	1	1	1	1	1	1	1	1	1	1	1	1	1	1	1	1	1	1	1	1	1	1	1	1	1	1	1	1	1	1	1	1	1	1	1	1	1	1	1	1	1
"Neuroexpress0_Cortex_Layer.2.3.Pyra"	1	1	1	1	1	1	1	1	1	1	1	1	1	1	1	1	1	1	1	1	1	1	1	1	1	1	1	1	1	1	1	1	1	1	1	1	1	1	1	1	1	1	1	1	1	1
"Neuroexpresso_Cortex_Laye.6aPyra"	1	1	1	1	1	1	1	1	1	1	1	1	1	1	1	1	1	1	1	1	1	1	1	1	1	1	1	1	1	1	1	1	1	1	1	1	1	1	1	1	1	1	1	1	1	1
"Neuroexpresso_Cortex_Layer4Pyra"	1	1	1	1	1	1	1	1	1	1	1	1	1	1	1	1	1	1	1	1	1	1	1	1	1	1	1	1	1	1	1	1	1	1	1	1	1	1	1	1	1	1	1	1	1	1
"Neuroexpresso_CortexD_Endothelial"	1	1	1	1	1	1	1	1	1	1	1	1	1	1	1	1	1	1	1	1	1	1	1	1	1	1	1	1	1	1	1	1	1	1	1	1	1	1	1	1	1	1	1	1	1	1
"Neuroexpresso_CortexD_GabaPV"	1	1	1	1	1	1	1	1	1	1	1	1	1	1	1	1	1	1	1	1	1	1	1	1	1	1	1	1	1	1	1	1	1	1	1	1	1	1	1	1	1	1	1	1	1	1
"Neuroexpresso_CortexD_GabaRelnCalb"	1	1	1	1	1	1	1	1	1	1	1	1	1	1	1	1	1	1	1	1	1	1	1	1	1	1	1	1	1	1	1	1	1	1	1	1	1	1	1	1	1	1	1	1	1	1
"Neuroexpresso_CortexD_GabaVIPReln"	1	1	1	1	1	1	1	1	1	1	1	1	1	1	1	1	1	1	1	1	1	1	1	1	1	1	1	1	1	1	1	1	1	1	1	1	1	1	1	1	3.83066371723123e-05	1	1	1	1	1
"Neuroexpresso_CortexD_Layer6bPyra"	1	1	1	1	1	1	1	1	1	1	1	1	1	1	1	1	1	1	1	1	1	1	1	1	1	1	1	1	1	1	1	1	1	1	1	1	1	1	1	1	1	1	1	1	1	1
"Neuroexpresso_CortexD_Pyramidal_Glt_25d2"	1	1	1	1	1	1	1	1	1	1	1	1	1	1	1	1	1	1	1	1	1	1	1	1	1	1	1	1	1	1	1	1	1	1	1	1	1	1	1	1	1	1	1	1	1	1
"Neuroexpresso_CortexD_Pyramidal_S100a10"	1	1	1	1	1	1	1	1	1	1	1	1	1	1	1	1	1	1	1	1	1	1	1	1	1	1	1	1	1	1	1	1	1	1	1	1	1	1	1	1	1	1	1	1	1	1
"Neuroexpresso_CortexD_PyramidalCorticoThalam"	1	1	1	1	1	1	1	1	1	1	1	1	1	1	1	1	1	1	1	1	1	1	1	1	1	1	1	1	1	1	1	1	1	1	1	1	1	1	1	1	1	1	1	1	1	1
"Neuron_Dopaminergic_SNigra"	1	1	1	1	1	1	1	1	1	1	1	1	1	1	1	1	1	1	1	1	1	1	1	1	1	1	1	1	1	1	1	1	1	1	1	1	1	1	1	1	1	1	1	1	1	1
"Neuron_Dopaminergic_VTA"	1	1	1	1	1	1	1	1	1	1	1	1	1	1	1	1	1	1	1	1	1	1	1	1	1	1	1	1	1	1	1	1	1	1	1	1	1	1	1	1	1	1	1	1	1	1
"Neuron_Dopaminergic"	1	1	1	1	1	1	1	1	1	1	1	1	1	1	1	1	1	1	1	1	1	1	1	1	1	1	1	1	1	1	1	1	1	1	1	1	1	1	1	1	1	1	1	1	1	1
"Neuron_Interneuron"	1	1	1	1	1	1	1	1	1	1	1	1	1	1	1	1	1	1	1	1	1	1	1	1	1	1	1	1	1	1	1	1	1	1	1	1	1	1	1	1	1	1	1	1	1	1
"Neuron_Interneuton"	1	1	1	1	1	1	1	1	1	1	1	1	1	1	1	1	1	1	0.00145797343471217	1	1	1	1	1	1	1	1	1	6.09918025382548e-05	1	1	1	1	1	1	1	1	1	1	1	2.40956987062267e-35	1	1	1	1	1
"Neuron_Pyramidal_CA1"	1	1	1	1	1	1	1	1	1	1	1	1	0.0142133737647091	1	1	1	1	1	1	1	1	0.000213606528283068	1	1	1	1	1	1	1.18455810525127e-08	1	1	1	1	1	1	1	1	1	1	1	1	1	1	1	1	1
"Neuron_Pyramidal_S1"	1	1	1	1	1	1	1	1	1	1	1	1	1	1	1	1	1	1	4.54945006645486e-13	1	1	0.000384267797610241	1	1	1	1	1	1	1	1	1	1	1	1	1	1	1	1	1	1	1	1	1	1	1	1
"Neuron.Ex1"	1	1	1	1	1	1	1	1	1	1	1	1	1	1	1	1	1	1	1	1	1	1	1	1	1	1	1	1	1	1	1	1	1	1	1	1	1	1	1	1	1	1	1	1	1	1
"Neuron.Ex2"	1	1	1	1	1	1	1	1	1	1	1	1	1	1	1	1	1	1	1	1	1	1	1	1	1	1	1	1	1	1	1	1	1	1	1	1	1	1	1	1	1	1	1	1	1	1
"Neuron.Ex3"	1	1	1	1	1	1	1	1	1	1	1	1	1	1	1	1	1	1	1	1	1	1	1	1	1	1	1	1	1	1	1	1	1	1	1	1	1	1	1	1	1	1	1	1	1	1
"Neuron.Ex4"	1	1	1	1	1	1	1	1	1	1	1	1	1	1	1	1	1	1	1	1	1	1	1	1	1	1	1	1	1	1	1	1	1	1	1	1	1	1	1	1	1	1	1	1	1	1
"Neuron.Ex5"	1	1	1	1	1	1	1	1	1	1	1	1	1	1	1	1	1	1	1	1	1	1	1	1	1	1	1	1	1	1	1	1	1	1	1	1	1	1	1	1	1	1	1	1	1	1
"Neuron.Ex6"	1	1	1	1	1	1	1	1	1	1	1	1	1	1	1	1	1	1	1	1	1	1	1	1	1	1	1	1	1	1	1	1	1	1	1	1	1	1	1	1	1	1	1	1	1	1
"Neuron.Ex7"	1	1	1	1	1	1	1	1	1	1	1	1	1	1	1	1	1	1	1	1	1	1	1	1	1	1	1	1	1	1	1	1	1	1	1	1	1	1	1	1	1	1	1	1	1	1
"Neuron.Ex8"	1	1	1	1	1	1	1	1	1	1	1	1	1	1	1	1	1	1	1	1	1	1	1	1	1	1	1	1	1	1	1	1	1	1	1	1	1	1	1	1	1	1	1	1	1	1
"Neuron.In1"	1	1	1	1	1	1	1	1	1	1	1	1	1	1	1	1	1	1	1	1	1	1	1	1	1	1	1	1	1	1	1	1	1	1	1	1	1	1	1	1	1	1	1	1	1	1
"Neuron.In2"	1	1	1	1	1	1	1	1	1	1	1	1	1	1	1	1	1	1	1	1	1	1	1	1	1	1	1	1	1	1	1	1	1	1	1	1	1	1	1	1	1	1	1	1	1	1
"Neuron.In3"	1	1	1	1	1	1	1	1	1	1	1	1	1	1	1	1	1	1	1	1	1	1	1	1	1	1	1	1	1	1	1	1	1	1	1	1	1	1	1	1	1	1	1	1	1	1
"Neuron.In4"	1	1	1	1	1	1	1	1	1	1	1	1	1	1	1	1	1	1	1	1	1	1	1	1	1	1	1	1	1	1	1	1	1	1	1	1	1	1	1	1	1	1	1	1	1	1
"Neuron.In5"	1	1	1	1	1	1	1	1	1	1	1	1	1	1	1	1	1	1	1	1	1	1	1	1	1	1	1	1	1	1	1	1	1	1	1	1	1	1	1	1	1	1	1	1	1	1
"Neuron.In6"	1	1	1	1	1	1	1	1	1	1	1	1	1	1	1	1	1	1	1	1	1	1	1	1	1	1	1	1	1	1	1	1	1	1	1	1	1	1	1	1	1	1	1	1	1	1
"Neuron.In7"	1	1	1	1	1	1	1	1	1	1	1	1	1	1	1	1	1	1	1	1	1	1	1	1	1	1	1	1	1	1	1	1	1	1	1	1	1	1	1	1	1	1	1	1	1	1
"Neuron.In8"	1	1	1	1	1	1	1	1	1	1	1	1	1	1	1	1	1	1	1	1	1	1	1	1	1	1	1	1	1	1	1	1	1	1	1	1	1	1	1	1	1	1	1	1	1	1
"Neutrophils"	1	1	1	1	1	1	1	1	1	1	1	1	1	1	1	1	1	1	1	1	1	1	1	1	1	1	1	1	1	1	1	1	1	1	1	1	1	1	1	1	1	1	1	1	1	1
"Oligodendrocyte"	1	1	1	1	3.87494364155092e-44	1	1	1	1	1	1	1	1	1	1	1	1	1	1	1	1	1	1	1	1	1	0.0068202369987535	0.000426653189158207	1	1	1	1	1	1	1	1	1	1	1	1	1	1	1	1	1	1
"Pyramidal_CA1"	1	1	1	1	1	1	1	1	1	1	1	1	0.0142133737647091	1	1	1	1	1	1	1	1	0.000213606528283068	1	1	1	1	1	1	1.18455810525127e-08	1	1	1	1	1	1	1	1	1	1	1	1	1	1	1	1	1
"Pyramidal_S1"	1	1	1	1	1	1	1	1	1	1	1	1	1	1	1	1	1	1	4.54945006645486e-13	1	1	0.000384267797610241	1	1	1	1	1	1	1	1	1	1	1	1	1	1	1	1	1	1	1	1	1	1	1	1
"PyramidalThy_HIPPD_Neuroexpresso"	1	1	1	1	1	1	1	1	1	1	1	1	1	1	1	1	1	1	1	1	1	1	1	1	1	1	1	1	1	1	1	1	1	1	1	1	1	1	1	1	1	1	1	1	1	1
"S1_Pyramidal"	1	1	1	1	1	1	1	1	1	1	1	1	1	1	1	1	1	1	4.54945006645486e-13	1	1	0.000384267797610241	1	1	1	1	1	1	1	1	1	1	1	1	1	1	1	1	1	1	1	1	1	1	1	1
"S1.Pyramidal"	1	1	1	1	1	1	1	1	1	1	1	1	1	1	1	1	1	1	4.54945006645486e-13	1	1	0.000384267797610241	1	1	1	1	1	1	1	1	1	1	1	1	1	1	1	1	1	1	1	1	1	1	1	1
"SN_Dopaminergic"	1	1	1	1	1	1	1	1	1	1	1	1	1	1	1	1	1	1	1	1	1	1	1	1	1	1	1	1	1	1	1	1	1	1	1	1	1	1	1	1	1	1	1	1	1	1
"SN_DopaminergicNeuron"	1	1	1	1	1	1	1	1	1	1	1	1	1	1	1	1	1	1	1	1	1	1	1	1	1	1	1	1	1	1	1	1	1	1	1	1	1	1	1	1	1	1	1	1	1	1
"Tcells"	1	1	1	1	1	1	1	1	1	1	1	1	1	1	1	1	1	1	1	1	1	1	1	1	1	1	1	1	1	1	1	1	1	1	1	1	1	1	1	1	1	1	1	1	1	1
"Tcm"	1	1	1	1	1	1	1	1	1	1	1	1	1	1	1	1	1	1	1	1	1	1	1	1	1	1	1	1	1	1	1	1	1	1	1	1	1	1	1	1	1	1	1	1	1	1
"Tem"	1	1	1	1	1	1	1	1	1	1	1	1	1	1	1	1	1	1	1	1	1	1	1	1	1	1	1	1	1	1	1	1	1	1	1	1	1	1	1	1	1	1	1	1	1	1
"Tfh"	1	1	1	1	1	1	1	1	1	1	1	1	1	1	1	1	1	1	1	1	1	1	1	1	1	1	1	1	1	1	1	1	1	1	1	1	1	1	1	1	1	1	1	1	1	1
"Th1cells"	1	1	1	1	1	1	1	1	1	1	1	1	1	1	1	1	1	1	1	1	1	1	1	1	1	1	1	1	1	1	1	1	1	1	1	1	1	1	1	1	1	1	1	1	1	1
"Th2cells"	1	1	1	1	1	1	1	1	1	1	1	1	1	1	1	1	1	1	1	1	1	1	1	1	1	1	1	1	1	1	1	1	1	1	1	1	1	1	1	1	1	1	1	1	1	1
"Thelpercells"	1	1	1	1	1	1	1	1	1	1	1	1	1	1	1	1	1	1	1	1	1	1	1	1	1	1	1	1	1	1	1	1	1	1	1	1	1	1	1	1	1	1	1	1	1	1
"VTA_Dopaminergic"	1	1	1	1	1	1	1	1	1	1	1	1	1	1	1	1	1	1	1	1	1	1	1	1	1	1	1	1	1	1	1	1	1	1	1	1	1	1	1	1	1	1	1	1	1	1
"VTA_DopaminergicNeuron"	1	1	1	1	1	1	1	1	1	1	1	1	1	1	1	1	1	1	1	1	1	1	1	1	1	1	1	1	1	1	1	1	1	1	1	1	1	1	1	1	1	1	1	1	1	1
